timestamp	run_id	pipeline	protein	config	final_config	result_dir	cores	status	git_commit	reason
2026-07-14T15:53:09+05:30	dip_synteny_run1	synteny_pipeline	dip	processes/synteny_pipeline_asgard_dip.yaml	/home/anirudh/asgard_pipeline/database/protein_sets/dip/dip_synteny_run1/metadata/config_used.yaml	/home/anirudh/asgard_pipeline/database/protein_sets/dip/dip_synteny_run1	24	FAILED	To study the gene neighborhood of dip family proteins
2026-07-14T16:06:29+05:30	dip_synteny_run1	synteny_pipeline	dip	processes/synteny_pipeline_asgard_dip.yaml	/home/anirudh/asgard_pipeline/database/protein_sets/dip/dip_synteny_run1/metadata/config_used.yaml	/home/anirudh/asgard_pipeline/database/protein_sets/dip/dip_synteny_run1	24	FAILED	To study the gene neighborhood of dip family proteins
2026-07-14T16:07:52+05:30	dip_synteny_run1	synteny_pipeline	dip	processes/synteny_pipeline_asgard_dip.yaml	/home/anirudh/asgard_pipeline/database/protein_sets/dip/dip_synteny_run1/metadata/config_used.yaml	/home/anirudh/asgard_pipeline/database/protein_sets/dip/dip_synteny_run1	24	FAILED	To study the gene neighborhood of dip family proteins
2026-07-14T16:08:12+05:30	dip_synteny_run1	synteny_pipeline	dip	processes/synteny_pipeline_asgard_dip.yaml	/home/anirudh/asgard_pipeline/database/protein_sets/dip/dip_synteny_run1/metadata/config_used.yaml	/home/anirudh/asgard_pipeline/database/protein_sets/dip/dip_synteny_run1	24	FAILED	To study the gene neighborhood of dip family proteins
2026-07-14T16:08:19+05:30	dip_synteny_run1	synteny_pipeline	dip	processes/synteny_pipeline_asgard_dip.yaml	/home/anirudh/asgard_pipeline/database/protein_sets/dip/dip_synteny_run1/metadata/config_used.yaml	/home/anirudh/asgard_pipeline/database/protein_sets/dip/dip_synteny_run1	24	FAILED	To study the gene neighborhood of dip family proteins
2026-07-15T12:13:49+05:30	ESCRTI_run1	hmmsearch_pipeline	ESCRTI	processes/hmmsearch_pipeline.yaml	/home/anirudh/asgard_pipeline/database/protein_sets/ESCRTI/ESCRTI_run1/metadata/config_used.yaml	/home/anirudh/asgard_pipeline/database/protein_sets/ESCRTI/ESCRTI_run1	24	FAILED	
2026-07-15T12:14:59+05:30	ESCRTI_run1	hmmsearch_pipeline	ESCRTI	processes/hmmsearch_pipeline.yaml	/home/anirudh/asgard_pipeline/database/protein_sets/ESCRTI/ESCRTI_run1/metadata/config_used.yaml	/home/anirudh/asgard_pipeline/database/protein_sets/ESCRTI/ESCRTI_run1	24	FAILED	
2026-07-15T12:15:31+05:30	ESCRTI_run1	hmmsearch_pipeline	ESCRTI	processes/hmmsearch_pipeline.yaml	/home/anirudh/asgard_pipeline/database/protein_sets/ESCRTI/ESCRTI_run1/metadata/config_used.yaml	/home/anirudh/asgard_pipeline/database/protein_sets/ESCRTI/ESCRTI_run1	24	FAILED	
2026-07-15T12:19:26+05:30	ESCRTI_run1	hmmsearch_pipeline	ESCRTI	processes/hmmsearch_pipeline.yaml	/home/anirudh/asgard_pipeline/database/protein_sets/ESCRTI/ESCRTI_run1/metadata/config_used.yaml	/home/anirudh/asgard_pipeline/database/protein_sets/ESCRTI/ESCRTI_run1	24	FAILED	
2026-07-15T12:24:10+05:30	ESCRTI_run2	hmmsearch_pipeline	ESCRTI	processes/hmmsearch_pipeline.yaml	/home/anirudh/asgard_pipeline/database/protein_sets/ESCRTI/ESCRTI_run2/metadata/config_used.yaml	/home/anirudh/asgard_pipeline/database/protein_sets/ESCRTI/ESCRTI_run2	24	FAILED	
2026-07-15T12:36:12+05:30	ESCRTI_run2	hmmsearch_pipeline	ESCRTI	processes/hmmsearch_pipeline.yaml	/home/anirudh/asgard_pipeline/database/protein_sets/ESCRTI/ESCRTI_run2/metadata/config_used.yaml	/home/anirudh/asgard_pipeline/database/protein_sets/ESCRTI/ESCRTI_run2	24	FAILED	
2026-07-15T12:36:56+05:30	ESCRTI_run2	hmmsearch_pipeline	ESCRTI	processes/hmmsearch_pipeline.yaml	/home/anirudh/asgard_pipeline/database/protein_sets/ESCRTI/ESCRTI_run2/metadata/config_used.yaml	/home/anirudh/asgard_pipeline/database/protein_sets/ESCRTI/ESCRTI_run2	24	FAILED	
2026-07-15T12:47:43+05:30	ESCRTI_run2	hmmsearch_pipeline	ESCRTI	processes/hmmsearch_pipeline.yaml	/home/anirudh/asgard_pipeline/database/protein_sets/ESCRTI/ESCRTI_run2/metadata/config_used.yaml	/home/anirudh/asgard_pipeline/database/protein_sets/ESCRTI/ESCRTI_run2	24	FAILED	
2026-07-15T13:10:09+05:30	ESCRTII_run1	hmmsearch_pipeline	ESCRTII	processes/hmmsearch_pipeline.yaml	/home/anirudh/asgard_pipeline/database/protein_sets/ESCRTII/ESCRTII_run1/metadata/config_used.yaml	/home/anirudh/asgard_pipeline/database/protein_sets/ESCRTII/ESCRTII_run1	24	FAILED	
2026-07-15T13:11:38+05:30	ESCRTII_run1	hmmsearch_pipeline	ESCRTII	processes/hmmsearch_pipeline.yaml	/home/anirudh/asgard_pipeline/database/protein_sets/ESCRTII/ESCRTII_run1/metadata/config_used.yaml	/home/anirudh/asgard_pipeline/database/protein_sets/ESCRTII/ESCRTII_run1	24	SUCCESS	
2026-07-15T13:35:11+05:30	ESCRTII_run2	hmmsearch_pipeline	ESCRTII	processes/hmmsearch_pipeline.yaml	/home/anirudh/asgard_pipeline/database/protein_sets/ESCRTII/ESCRTII_run2/metadata/config_used.yaml	/home/anirudh/asgard_pipeline/database/protein_sets/ESCRTII/ESCRTII_run2	24	SUCCESS	to extract proteins using hmm for ESCRTII proteins in asgard
2026-07-15T13:43:49+05:30	ESCRTIII_run1	hmmsearch_pipeline	ESCRTIII	processes/hmmsearch_pipeline.yaml	/home/anirudh/asgard_pipeline/database/protein_sets/ESCRTIII/ESCRTIII_run1/metadata/config_used.yaml	/home/anirudh/asgard_pipeline/database/protein_sets/ESCRTIII/ESCRTIII_run1	24	SUCCESS	to extract proteins using hmm for ESCRTIII proteins in asgard
2026-07-15T15:37:38+05:30	example_run	updation		processes/updation_test.yaml	/home/anirudh/asgard_pipeline/database/protein_sets//example_run/metadata/config_used.yaml	/home/anirudh/asgard_pipeline/database/protein_sets//example_run	4	FAILED	test run
2026-07-15T15:39:53+05:30	example_run	updation		processes/updation_test.yaml	/home/anirudh/asgard_pipeline/database/protein_sets//example_run/metadata/config_used.yaml	/home/anirudh/asgard_pipeline/database/protein_sets//example_run	4	FAILED	test run
2026-07-15T15:48:27+05:30	example_run	updation		processes/updation_test.yaml	/home/anirudh/asgard_pipeline/database/protein_sets//example_run/metadata/config_used.yaml	/home/anirudh/asgard_pipeline/database/protein_sets//example_run	4	FAILED	test run
2026-07-15T15:52:35+05:30	example_run	updation		processes/updation_test.yaml	/home/anirudh/asgard_pipeline/database/protein_sets//example_run/metadata/config_used.yaml	/home/anirudh/asgard_pipeline/database/protein_sets//example_run	4	FAILED	test run
2026-07-15T16:00:41+05:30	example_run	updation		processes/updation_test.yaml	/home/anirudh/asgard_pipeline/database/protein_sets//example_run/metadata/config_used.yaml	/home/anirudh/asgard_pipeline/database/protein_sets//example_run	4	FAILED	test run
2026-07-15T16:06:10+05:30	example_run	updation		processes/updation_test.yaml	/home/anirudh/asgard_pipeline/database/protein_sets//example_run/metadata/config_used.yaml	/home/anirudh/asgard_pipeline/database/protein_sets//example_run	4	FAILED	test run
2026-07-15T16:19:20+05:30	example_run	updation		processes/updation_test.yaml	/home/anirudh/asgard_pipeline/database/protein_sets//example_run/metadata/config_used.yaml	/home/anirudh/asgard_pipeline/database/protein_sets//example_run	4	FAILED	test run
2026-07-15T16:24:54+05:30	example_run	updation		processes/updation_test.yaml	/home/anirudh/asgard_pipeline/database/protein_sets//example_run/metadata/config_used.yaml	/home/anirudh/asgard_pipeline/database/protein_sets//example_run	4	FAILED	test run
2026-07-15T16:27:32+05:30	example_run	updation		processes/updation_test.yaml	/home/anirudh/asgard_pipeline/database/protein_sets//example_run/metadata/config_used.yaml	/home/anirudh/asgard_pipeline/database/protein_sets//example_run	4	FAILED	test run
2026-07-15T16:30:04+05:30	example_run	updation		processes/updation_test.yaml	/home/anirudh/asgard_pipeline/database/protein_sets//example_run/metadata/config_used.yaml	/home/anirudh/asgard_pipeline/database/protein_sets//example_run	4	FAILED	test run
2026-07-15T16:33:41+05:30	example_run	updation		processes/updation_test.yaml	/home/anirudh/asgard_pipeline/database/protein_sets//example_run/metadata/config_used.yaml	/home/anirudh/asgard_pipeline/database/protein_sets//example_run	4	FAILED	test run 2
2026-07-15T16:38:09+05:30	example_run	updation		processes/updation_test.yaml	/home/anirudh/asgard_pipeline/database/protein_sets//example_run/metadata/config_used.yaml	/home/anirudh/asgard_pipeline/database/protein_sets//example_run	16	FAILED	test run 2
2026-07-15T16:49:45+05:30	example_run	updation		processes/updation_test.yaml	/home/anirudh/asgard_pipeline/database/protein_sets//example_run/metadata/config_used.yaml	/home/anirudh/asgard_pipeline/database/protein_sets//example_run	16	FAILED	test run 2
2026-07-15T17:38:22+05:30	example_run	updation		processes/updation_test.yaml	/home/anirudh/asgard_pipeline/database/protein_sets//example_run/metadata/config_used.yaml	/home/anirudh/asgard_pipeline/database/protein_sets//example_run	16	FAILED	test run 2
2026-07-15T17:54:56+05:30	hela_gel	extraction_pipeline	gelsolin	processes/extraction_helarchaeal_gelsolin.yaml	/home/anirudh/asgard_pipeline/database/protein_sets/gelsolin/hela_gel/metadata/config_used.yaml	/home/anirudh/asgard_pipeline/database/protein_sets/gelsolin/hela_gel	24	FAILED	To obtain the phylogeny of helarchaeal gelsolin and select sequences to order
2026-07-15T18:16:42+05:30	hela_gel	extraction_pipeline	gelsolin	processes/extraction_helarchaeal_gelsolin.yaml	/home/anirudh/asgard_pipeline/database/protein_sets/gelsolin/hela_gel/metadata/config_used.yaml	/home/anirudh/asgard_pipeline/database/protein_sets/gelsolin/hela_gel	24	SUCCESS	To obtain the phylogeny of helarchaeal gelsolin and select sequences to order
2026-07-15T19:11:37+05:30	example_run	updation		processes/updation_test.yaml	/home/anirudh/asgard_pipeline/database/protein_sets//example_run/metadata/config_used.yaml	/home/anirudh/asgard_pipeline/database/protein_sets//example_run	16	FAILED	test run 2
2026-07-16T10:15:20+05:30	example_run	updation		processes/updation_test.yaml	/home/anirudh/asgard_pipeline/database/protein_sets//example_run/metadata/config_used.yaml	/home/anirudh/asgard_pipeline/database/protein_sets//example_run	16	FAILED	test run 4
2026-07-16T10:19:41+05:30	example_run	updation		processes/updation_test.yaml	/home/anirudh/asgard_pipeline/database/protein_sets//example_run/metadata/config_used.yaml	/home/anirudh/asgard_pipeline/database/protein_sets//example_run	16	FAILED	test run 4
2026-07-16T10:23:48+05:30	example_run	updation		processes/updation_test.yaml	/home/anirudh/asgard_pipeline/database/protein_sets//example_run/metadata/config_used.yaml	/home/anirudh/asgard_pipeline/database/protein_sets//example_run	16	FAILED	test run 4
2026-07-16T10:29:16+05:30	example_run	updation		processes/updation_test.yaml	/home/anirudh/asgard_pipeline/database/protein_sets//example_run/metadata/config_used.yaml	/home/anirudh/asgard_pipeline/database/protein_sets//example_run	16	FAILED	test run 4
2026-07-16T10:46:13+05:30	example_run	updation		processes/updation_test.yaml	/home/anirudh/asgard_pipeline/database/protein_sets//example_run/metadata/config_used.yaml	/home/anirudh/asgard_pipeline/database/protein_sets//example_run	16	FAILED	test run 4
2026-07-16T13:07:59+05:30	example_run	updation		processes/updation_test.yaml	/home/anirudh/asgard_pipeline/database/protein_sets//example_run/metadata/config_used.yaml	/home/anirudh/asgard_pipeline/database/protein_sets//example_run	16	FAILED	test run 4
2026-07-16T13:10:57+05:30	example_run	updation		processes/updation_test.yaml	/home/anirudh/asgard_pipeline/database/protein_sets//example_run/metadata/config_used.yaml	/home/anirudh/asgard_pipeline/database/protein_sets//example_run	16	FAILED	test run 4
2026-07-16T13:14:59+05:30	example_run	updation		processes/updation_test.yaml	/home/anirudh/asgard_pipeline/database/protein_sets//example_run/metadata/config_used.yaml	/home/anirudh/asgard_pipeline/database/protein_sets//example_run	16	FAILED	test run 4
2026-07-16T13:15:22+05:30	example_run	updation		processes/updation_test.yaml	/home/anirudh/asgard_pipeline/database/protein_sets//example_run/metadata/config_used.yaml	/home/anirudh/asgard_pipeline/database/protein_sets//example_run	16	FAILED	test run 4
2026-07-16T13:33:23+05:30	example_run	updation		processes/updation_test.yaml	/home/anirudh/asgard_pipeline/database/protein_sets//example_run/metadata/config_used.yaml	/home/anirudh/asgard_pipeline/database/protein_sets//example_run	16	FAILED	test run 4
2026-07-16T14:58:32+05:30	example_run	updation		processes/updation_test.yaml	/home/anirudh/asgard_pipeline/database/protein_sets//example_run/metadata/config_used.yaml	/home/anirudh/asgard_pipeline/database/protein_sets//example_run	16	FAILED	test run 4
2026-07-16T15:02:52+05:30	example_run	updation		processes/updation_test.yaml	/home/anirudh/asgard_pipeline/database/protein_sets//example_run/metadata/config_used.yaml	/home/anirudh/asgard_pipeline/database/protein_sets//example_run	16	FAILED	test run 4
2026-07-16T15:05:59+05:30	example_run	updation		processes/updation_test.yaml	/home/anirudh/asgard_pipeline/database/protein_sets//example_run/metadata/config_used.yaml	/home/anirudh/asgard_pipeline/database/protein_sets//example_run	16	FAILED	test run 4
2026-07-16T18:16:37+05:30	example_run	updation		processes/updation_test.yaml	/home/anirudh/asgard_pipeline/database/protein_sets//example_run/metadata/config_used.yaml	/home/anirudh/asgard_pipeline/database/protein_sets//example_run	16	FAILED	test run 4
2026-07-16T18:17:38+05:30	example_run	updation		processes/updation_test.yaml	/home/anirudh/asgard_pipeline/database/protein_sets//example_run/metadata/config_used.yaml	/home/anirudh/asgard_pipeline/database/protein_sets//example_run	16	FAILED	test run 4
2026-07-16T19:25:09+05:30	example_run	updation		processes/updation_test.yaml	/home/anirudh/asgard_pipeline/database/protein_sets//example_run/metadata/config_used.yaml	/home/anirudh/asgard_pipeline/database/protein_sets//example_run	16	FAILED	test run 4
2026-07-17T07:41:01+05:30	example_run	updation		processes/updation_test.yaml	/home/anirudh/asgard_pipeline/database/protein_sets//example_run/metadata/config_used.yaml	/home/anirudh/asgard_pipeline/database/protein_sets//example_run	12	FAILED	test run 4
2026-07-17T12:05:40+05:30	actin_run_demo	extraction_pipeline	actin	processes/extraction_actin_demo.yaml	/home/anirudh/asgard_pipeline/database/protein_sets/actin/actin_run_demo/metadata/config_used.yaml	/home/anirudh/asgard_pipeline/database/protein_sets/actin/actin_run_demo	24	SUCCESS	To perform phylogenetic analysis for actin
2026-07-17T12:32:31+05:30	actin_run_demo_2	extraction_pipeline	actin	processes/extraction_actin_demo.yaml	/home/anirudh/asgard_pipeline/database/protein_sets/actin/actin_run_demo_2/metadata/config_used.yaml	/home/anirudh/asgard_pipeline/database/protein_sets/actin/actin_run_demo_2	24	FAILED	To perform phylogenetic analysis for actin
2026-07-17T12:34:14+05:30	actin_run_demo_2	extraction_pipeline	actin	processes/extraction_actin_demo.yaml	/home/anirudh/asgard_pipeline/database/protein_sets/actin/actin_run_demo_2/metadata/config_used.yaml	/home/anirudh/asgard_pipeline/database/protein_sets/actin/actin_run_demo_2	24	SUCCESS	To perform phylogenetic analysis for actin
2026-07-17T16:00:33+05:30	seg_run1	hmmsearch_pipeline	seg	processes/hmmsearch_pipeline.yaml	/home/anirudh/asgard_pipeline/database/protein_sets/seg/seg_run1/metadata/config_used.yaml	/home/anirudh/asgard_pipeline/database/protein_sets/seg/seg_run1	24	SUCCESS	to extract proteins using hmm for ESCRTIII proteins in asgard
2026-07-17T16:10:37+05:30	segA_run1	extraction_pipeline	segA	processes/extraction_segA.yaml	/home/anirudh/asgard_pipeline/database/protein_sets/segA/segA_run1/metadata/config_used.yaml	/home/anirudh/asgard_pipeline/database/protein_sets/segA/segA_run1	24	FAILED	To obtain the phylogeny of dipc and select sequences to order
2026-07-17T16:12:51+05:30	segA_run1	extraction_pipeline	segA	processes/extraction_segA.yaml	/home/anirudh/asgard_pipeline/database/protein_sets/segA/segA_run1/metadata/config_used.yaml	/home/anirudh/asgard_pipeline/database/protein_sets/segA/segA_run1	24	FAILED	To obtain the phylogeny of dipc and select sequences to order
2026-07-17T16:17:10+05:30	segA_run2	extraction_pipeline	segA	processes/extraction_segA.yaml	/home/anirudh/asgard_pipeline/database/protein_sets/segA/segA_run2/metadata/config_used.yaml	/home/anirudh/asgard_pipeline/database/protein_sets/segA/segA_run2	24	FAILED	To obtain the phylogeny of dipc and select sequences to order
2026-07-17T16:20:20+05:30	cdpc_run1	extraction_pipeline	cdpc	processes/extraction_cdpc.yaml	/home/anirudh/asgard_pipeline/database/protein_sets/cdpc/cdpc_run1/metadata/config_used.yaml	/home/anirudh/asgard_pipeline/database/protein_sets/cdpc/cdpc_run1	24	FAILED	To obtain the phylogeny of dipc and select sequences to order
2026-07-17T16:21:23+05:30	cdpc_run1	extraction_pipeline	cdpc	processes/extraction_cdpc.yaml	/home/anirudh/asgard_pipeline/database/protein_sets/cdpc/cdpc_run1/metadata/config_used.yaml	/home/anirudh/asgard_pipeline/database/protein_sets/cdpc/cdpc_run1	24	FAILED	To find cdpc proteins in asgard
2026-07-17T16:22:26+05:30	cdpc_run1	extraction_pipeline	cdpc	processes/extraction_cdpc.yaml	/home/anirudh/asgard_pipeline/database/protein_sets/cdpc/cdpc_run1/metadata/config_used.yaml	/home/anirudh/asgard_pipeline/database/protein_sets/cdpc/cdpc_run1	24	FAILED	To find cdpc proteins in asgard
2026-07-17T16:22:59+05:30	cdpc_run1	extraction_pipeline	cdpc	processes/extraction_cdpc.yaml	/home/anirudh/asgard_pipeline/database/protein_sets/cdpc/cdpc_run1/metadata/config_used.yaml	/home/anirudh/asgard_pipeline/database/protein_sets/cdpc/cdpc_run1	24	FAILED	To find cdpc proteins in asgard
2026-07-17T16:23:50+05:30	cdpc_run1	extraction_pipeline	cdpc	processes/extraction_cdpc.yaml	/home/anirudh/asgard_pipeline/database/protein_sets/cdpc/cdpc_run1/metadata/config_used.yaml	/home/anirudh/asgard_pipeline/database/protein_sets/cdpc/cdpc_run1	24	FAILED	To find cdpc proteins in asgard
2026-07-17T16:24:49+05:30	cdpc_run1	extraction_pipeline	cdpc	processes/extraction_cdpc.yaml	/home/anirudh/asgard_pipeline/database/protein_sets/cdpc/cdpc_run1/metadata/config_used.yaml	/home/anirudh/asgard_pipeline/database/protein_sets/cdpc/cdpc_run1	24	FAILED	To find cdpc proteins in asgard
2026-07-17T17:47:55+05:30	20260717_174739	extraction_pipeline	cdpc	processes/extraction_cdpc.yaml	/home/anirudh/asgard_pipeline/database/protein_sets/cdpc/20260717_174739/metadata/config_used.yaml	/home/anirudh/asgard_pipeline/database/protein_sets/cdpc/20260717_174739	24	FAILED	To find cdpc proteins in asgard
2026-07-17T17:48:55+05:30	20260717_174851	extraction_pipeline	cdpc	processes/extraction_cdpc.yaml	/home/anirudh/asgard_pipeline/database/protein_sets/cdpc/20260717_174851/metadata/config_used.yaml	/home/anirudh/asgard_pipeline/database/protein_sets/cdpc/20260717_174851	24	FAILED	To find cdpc proteins in asgard
2026-07-17T20:23:54+05:30	cdpc_run2	extraction_pipeline	cdpc	processes/extraction_cdpc.yaml	/home/anirudh/asgard_pipeline/database/protein_sets/cdpc/cdpc_run2/metadata/config_used.yaml	/home/anirudh/asgard_pipeline/database/protein_sets/cdpc/cdpc_run2	24	FAILED	To find cdpc proteins in asgard
2026-07-17T20:30:30+05:30	cdpc_run2	extraction_pipeline	cdpc	processes/extraction_cdpc.yaml	/home/anirudh/asgard_pipeline/database/protein_sets/cdpc/cdpc_run2/metadata/config_used.yaml	/home/anirudh/asgard_pipeline/database/protein_sets/cdpc/cdpc_run2	24	FAILED	To find cdpc proteins in asgard
2026-07-17T20:33:08+05:30	cdpc_run2	extraction_pipeline	cdpc	processes/extraction_cdpc.yaml	/home/anirudh/asgard_pipeline/database/protein_sets/cdpc/cdpc_run2/metadata/config_used.yaml	/home/anirudh/asgard_pipeline/database/protein_sets/cdpc/cdpc_run2	24	FAILED	To find cdpc proteins in asgard
2026-07-17T20:34:11+05:30	cdpc_run2	extraction_pipeline	cdpc	processes/extraction_cdpc.yaml	/home/anirudh/asgard_pipeline/database/protein_sets/cdpc/cdpc_run2/metadata/config_used.yaml	/home/anirudh/asgard_pipeline/database/protein_sets/cdpc/cdpc_run2	24	SUCCESS	To find cdpc proteins in asgard
2026-07-17T20:37:33+05:30	cdpc_run2	extraction_pipeline	cdpc	processes/extraction_cdpc.yaml	/home/anirudh/asgard_pipeline/database/protein_sets/cdpc/cdpc_run2/metadata/config_used.yaml	/home/anirudh/asgard_pipeline/database/protein_sets/cdpc/cdpc_run2	24	FAILED	To find cdpc proteins in asgard
2026-07-17T20:42:28+05:30	cdpc_run2	extraction_pipeline	cdpc	processes/extraction_cdpc.yaml	/home/anirudh/asgard_pipeline/database/protein_sets/cdpc/cdpc_run2/metadata/config_used.yaml	/home/anirudh/asgard_pipeline/database/protein_sets/cdpc/cdpc_run2	24	SUCCESS	To find cdpc proteins in asgard
2026-07-17T20:43:46+05:30	cdpc_run3	extraction_pipeline	cdpc	processes/extraction_cdpc.yaml	/home/anirudh/asgard_pipeline/database/protein_sets/cdpc/cdpc_run3/metadata/config_used.yaml	/home/anirudh/asgard_pipeline/database/protein_sets/cdpc/cdpc_run3	24	FAILED	To find cdpc proteins in asgard
2026-07-17T20:47:23+05:30	cdpc_run3	extraction_pipeline	cdpc	processes/extraction_cdpc.yaml	/home/anirudh/asgard_pipeline/database/protein_sets/cdpc/cdpc_run3/metadata/config_used.yaml	/home/anirudh/asgard_pipeline/database/protein_sets/cdpc/cdpc_run3	24	SUCCESS	To find cdpc proteins in asgard
2026-07-17T20:50:27+05:30	cdpc_run4	extraction_pipeline	cdpc	processes/extraction_cdpc.yaml	/home/anirudh/asgard_pipeline/database/protein_sets/cdpc/cdpc_run4/metadata/config_used.yaml	/home/anirudh/asgard_pipeline/database/protein_sets/cdpc/cdpc_run4	24	FAILED	To find cdpc proteins in asgard
2026-07-17T20:53:30+05:30	cdpc_run4	extraction_pipeline	cdpc	processes/extraction_cdpc.yaml	/home/anirudh/asgard_pipeline/database/protein_sets/cdpc/cdpc_run4/metadata/config_used.yaml	/home/anirudh/asgard_pipeline/database/protein_sets/cdpc/cdpc_run4	24	SUCCESS	To find cdpc proteins in asgard
